{
    "robotBeltDirection": [
        -0.00321569,
        -0.419444,
        -0.001071
    ],
    "sensor": {
        "totalDist": 2929.0,
        "widthDist": 100.0,
        "rotationMatrix": [
            -0.059050992131233218,
            0.9958091974258424,
            0.06983548402786255,
            -0.996536672115326,
            -0.05470200255513191,
            -0.06262891739606857,
            -0.05854630842804909,
            -0.07329192757606507,
            0.9955905675888062
        ]
    },
    "extraAxisDirection": [
        1.439033070482765e-7,
        -0.0002153165405616164,
        -5.19023785727768e-7
    ],
    "handEyeMatrix": [
        -0.03743671625852585,
        -0.001139160362072289,
        -0.9992983341217041,
        2654.87060546875,
        0.009748989716172219,
        -0.9999521374702454,
        0.0007746600895188749,
        -1332.0638427734376,
        -0.9992514252662659,
        -0.009713122621178627,
        0.03744605928659439,
        481.78564453125
    ],
    "cameraBeltDirection": [
        0.004612680524587631,
        0.9865989685058594,
        0.006719713099300861
    ]
}